a,b,familyA,familyB,games,before,after,change
thaleia,nereon,treasure,treasure,400,0.3075,0.31875,0.011249999999999982
thaleia,nereon,treasure,engine,400,0.22,0.125,-0.095
thaleia,nereon,treasure,thin,400,0.465,0.26,-0.20500000000000002
thaleia,nereon,treasure,worship,400,0.265,0.08625,-0.17875000000000002
thaleia,nereon,treasure,race,400,0.545,0.345,-0.20000000000000007
thaleia,nereon,engine,treasure,400,0.78,0.95375,0.17374999999999996
thaleia,nereon,engine,engine,400,0.72625,0.7275,0.0012500000000000844
thaleia,nereon,engine,thin,400,0.9675,0.9275,-0.040000000000000036
thaleia,nereon,engine,worship,400,0.77375,0.76,-0.01375000000000004
thaleia,nereon,engine,race,400,0.905,0.91625,0.011249999999999982
thaleia,nereon,thin,treasure,400,0.475,0.745,0.27
thaleia,nereon,thin,engine,400,0.4075,0.4075,0
thaleia,nereon,thin,thin,400,0.74,0.73125,-0.008750000000000036
thaleia,nereon,thin,worship,400,0.4,0.4,0
thaleia,nereon,thin,race,400,0.7975,0.7975,0
thaleia,nereon,worship,treasure,400,0.69375,0.92,0.22625000000000006
thaleia,nereon,worship,engine,400,0.60625,0.60625,0
thaleia,nereon,worship,thin,400,0.89375,0.8775,-0.016250000000000098
thaleia,nereon,worship,worship,400,0.66875,0.66875,0
thaleia,nereon,worship,race,400,0.895,0.895,0
thaleia,nereon,race,treasure,400,0.46375,0.69125,0.22750000000000004
thaleia,nereon,race,engine,400,0.34375,0.34375,0
thaleia,nereon,race,thin,400,0.57375,0.59,0.016249999999999987
thaleia,nereon,race,worship,400,0.32,0.32,0
thaleia,nereon,race,race,400,0.64875,0.64875,0
thaleia,melia,treasure,treasure,400,0.25375,0.20125,-0.05249999999999996
thaleia,melia,treasure,engine,400,0.1575,0.05,-0.1075
thaleia,melia,treasure,thin,400,0.48125,0.255,-0.22625
thaleia,melia,treasure,worship,400,0.18625,0.085,-0.10124999999999999
thaleia,melia,treasure,race,400,0.6475,0.37,-0.27749999999999997
thaleia,melia,engine,treasure,400,0.72875,0.905,0.17625000000000002
thaleia,melia,engine,engine,400,0.64625,0.64625,0
thaleia,melia,engine,thin,400,0.9175,0.94125,0.02375000000000005
thaleia,melia,engine,worship,400,0.7525,0.77625,0.02375000000000005
thaleia,melia,engine,race,400,0.9475,0.96375,0.016249999999999987
thaleia,melia,thin,treasure,400,0.435,0.6775,0.2425
thaleia,melia,thin,engine,400,0.315,0.315,0
thaleia,melia,thin,thin,400,0.64,0.64,0
thaleia,melia,thin,worship,400,0.41,0.41,0
thaleia,melia,thin,race,400,0.8225,0.8225,0
thaleia,melia,worship,treasure,400,0.68,0.8325,0.15249999999999997
thaleia,melia,worship,engine,400,0.475,0.475,0
thaleia,melia,worship,thin,400,0.835,0.835,0
thaleia,melia,worship,worship,400,0.615,0.615,0
thaleia,melia,worship,race,400,0.945,0.945,0
thaleia,melia,race,treasure,400,0.38875,0.5325,0.14375
thaleia,melia,race,engine,400,0.18375,0.18375,0
thaleia,melia,race,thin,400,0.47375,0.47375,0
thaleia,melia,race,worship,400,0.2525,0.2525,0
thaleia,melia,race,race,400,0.685,0.685,0
thaleia,doreios,treasure,treasure,400,0.21625,0.22,0.0037500000000000033
thaleia,doreios,treasure,engine,400,0.18,0.02625,-0.15375
thaleia,doreios,treasure,thin,400,0.575,0.37875,-0.19624999999999998
thaleia,doreios,treasure,worship,400,0.2625,0.11875,-0.14375000000000002
thaleia,doreios,treasure,race,400,0.6875,0.46125,-0.22625
thaleia,doreios,engine,treasure,400,0.6375,0.88125,0.24375000000000002
thaleia,doreios,engine,engine,400,0.57625,0.57375,-0.0025000000000000577
thaleia,doreios,engine,thin,400,0.92625,0.92625,0
thaleia,doreios,engine,worship,400,0.81375,0.82875,0.015000000000000013
thaleia,doreios,engine,race,400,0.95,0.95625,0.006250000000000089
thaleia,doreios,thin,treasure,400,0.42875,0.58875,0.15999999999999998
thaleia,doreios,thin,engine,400,0.2425,0.24625,0.0037500000000000033
thaleia,doreios,thin,thin,400,0.7275,0.7275,0
thaleia,doreios,thin,worship,400,0.43625,0.43625,0
thaleia,doreios,thin,race,400,0.8,0.82125,0.02124999999999999
thaleia,doreios,worship,treasure,400,0.6325,0.805,0.1725000000000001
thaleia,doreios,worship,engine,400,0.46625,0.43375,-0.03249999999999997
thaleia,doreios,worship,thin,400,0.8575,0.8575,0
thaleia,doreios,worship,worship,400,0.6625,0.6625,0
thaleia,doreios,worship,race,400,0.9375,0.9425,0.0050000000000000044
thaleia,doreios,race,treasure,400,0.3075,0.42375,0.11625000000000002
thaleia,doreios,race,engine,400,0.1475,0.125,-0.022499999999999992
thaleia,doreios,race,thin,400,0.47375,0.47375,0
thaleia,doreios,race,worship,400,0.28,0.28,0
thaleia,doreios,race,race,400,0.66625,0.6725,0.006249999999999978
nereon,melia,treasure,treasure,400,0.4225,0.425,0.0025000000000000022
nereon,melia,treasure,engine,400,0.3925,0.17125,-0.22125
nereon,melia,treasure,thin,400,0.7525,0.4325,-0.31999999999999995
nereon,melia,treasure,worship,400,0.4525,0.15875,-0.29375
nereon,melia,treasure,race,400,0.6025,0.42875,-0.17375000000000002
nereon,melia,engine,treasure,400,0.525,0.69375,0.16874999999999996
nereon,melia,engine,engine,400,0.42125,0.42125,0
nereon,melia,engine,thin,400,0.7775,0.7775,0
nereon,melia,engine,worship,400,0.51125,0.51125,0
nereon,melia,engine,race,400,0.66875,0.66875,0
nereon,melia,thin,treasure,400,0.26,0.465,0.20500000000000002
nereon,melia,thin,engine,400,0.175,0.21,0.035
nereon,melia,thin,thin,400,0.48125,0.4825,0.0012499999999999734
nereon,melia,thin,worship,400,0.2125,0.18875,-0.023749999999999993
nereon,melia,thin,race,400,0.4875,0.47125,-0.016249999999999987
nereon,melia,worship,treasure,400,0.505,0.71625,0.21125000000000005
nereon,melia,worship,engine,400,0.3875,0.3875,0
nereon,melia,worship,thin,400,0.70875,0.70875,0
nereon,melia,worship,worship,400,0.46875,0.46875,0
nereon,melia,worship,race,400,0.675,0.675,0
nereon,melia,race,treasure,400,0.295,0.45625,0.16125
nereon,melia,race,engine,400,0.24,0.24,0
nereon,melia,race,thin,400,0.46375,0.46375,0
nereon,melia,race,worship,400,0.23125,0.23125,0
nereon,melia,race,race,400,0.45125,0.45125,0
nereon,doreios,treasure,treasure,400,0.39125,0.37375,-0.01749999999999996
nereon,doreios,treasure,engine,400,0.48375,0.14375,-0.34
nereon,doreios,treasure,thin,400,0.76875,0.51625,-0.25250000000000006
nereon,doreios,treasure,worship,400,0.48,0.17875,-0.30125
nereon,doreios,treasure,race,400,0.6425,0.4725,-0.16999999999999998
nereon,doreios,engine,treasure,400,0.5175,0.665,0.14750000000000008
nereon,doreios,engine,engine,400,0.405,0.395,-0.010000000000000009
nereon,doreios,engine,thin,400,0.905,0.905,0
nereon,doreios,engine,worship,400,0.49125,0.49125,0
nereon,doreios,engine,race,400,0.6925,0.69125,-0.0012499999999999734
nereon,doreios,thin,treasure,400,0.3225,0.42625,0.10375000000000001
nereon,doreios,thin,engine,400,0.16125,0.15,-0.01125000000000001
nereon,doreios,thin,thin,400,0.62875,0.6525,0.023749999999999938
nereon,doreios,thin,worship,400,0.23375,0.225,-0.008750000000000008
nereon,doreios,thin,race,400,0.52375,0.5225,-0.0012500000000000844
nereon,doreios,worship,treasure,400,0.50625,0.73,0.22375
nereon,doreios,worship,engine,400,0.445,0.445,0
nereon,doreios,worship,thin,400,0.8475,0.8475,0
nereon,doreios,worship,worship,400,0.4725,0.4725,0
nereon,doreios,worship,race,400,0.72625,0.75375,0.02750000000000008
nereon,doreios,race,treasure,400,0.3275,0.48,0.15249999999999997
nereon,doreios,race,engine,400,0.2075,0.22625,0.018750000000000017
nereon,doreios,race,thin,400,0.56,0.56,0
nereon,doreios,race,worship,400,0.28,0.28,0
nereon,doreios,race,race,400,0.44625,0.50625,0.06
melia,doreios,treasure,treasure,400,0.45375,0.475,0.02124999999999999
melia,doreios,treasure,engine,400,0.55125,0.2075,-0.34375
melia,doreios,treasure,thin,400,0.79625,0.6125,-0.18374999999999997
melia,doreios,treasure,worship,400,0.6125,0.4325,-0.18000000000000005
melia,doreios,treasure,race,400,0.79,0.65125,-0.13875000000000004
melia,doreios,engine,treasure,400,0.53375,0.69625,0.1625000000000001
melia,doreios,engine,engine,400,0.50875,0.47375,-0.03500000000000003
melia,doreios,engine,thin,400,0.74125,0.74125,0
melia,doreios,engine,worship,400,0.565,0.565,0
melia,doreios,engine,race,400,0.78875,0.80875,0.020000000000000018
melia,doreios,thin,treasure,400,0.2875,0.465,0.17750000000000005
melia,doreios,thin,engine,400,0.33375,0.29,-0.04375000000000001
melia,doreios,thin,thin,400,0.65375,0.65375,0
melia,doreios,thin,worship,400,0.43,0.43,0
melia,doreios,thin,race,400,0.75,0.75,0
melia,doreios,worship,treasure,400,0.4175,0.61875,0.20125000000000004
melia,doreios,worship,engine,400,0.3925,0.39625,0.0037499999999999756
melia,doreios,worship,thin,400,0.665,0.665,0
melia,doreios,worship,worship,400,0.46875,0.46875,0
melia,doreios,worship,race,400,0.715,0.7275,0.012500000000000067
melia,doreios,race,treasure,400,0.20625,0.32125,0.11499999999999999
melia,doreios,race,engine,400,0.20375,0.1875,-0.016249999999999987
melia,doreios,race,thin,400,0.35875,0.35875,0
melia,doreios,race,worship,400,0.285,0.285,0
melia,doreios,race,race,400,0.4975,0.485,-0.012500000000000011
