a,b,familyA,familyB,games,share
thaleia,nereon,treasure,treasure,400,0.31875
thaleia,nereon,treasure,engine,400,0.125
thaleia,nereon,treasure,thin,400,0.26
thaleia,nereon,treasure,worship,400,0.08625
thaleia,nereon,treasure,race,400,0.345
thaleia,nereon,engine,treasure,400,0.95375
thaleia,nereon,engine,engine,400,0.7275
thaleia,nereon,engine,thin,400,0.9275
thaleia,nereon,engine,worship,400,0.76
thaleia,nereon,engine,race,400,0.91625
thaleia,nereon,thin,treasure,400,0.745
thaleia,nereon,thin,engine,400,0.4075
thaleia,nereon,thin,thin,400,0.73125
thaleia,nereon,thin,worship,400,0.4
thaleia,nereon,thin,race,400,0.7975
thaleia,nereon,worship,treasure,400,0.92
thaleia,nereon,worship,engine,400,0.60625
thaleia,nereon,worship,thin,400,0.8775
thaleia,nereon,worship,worship,400,0.66875
thaleia,nereon,worship,race,400,0.895
thaleia,nereon,race,treasure,400,0.69125
thaleia,nereon,race,engine,400,0.34375
thaleia,nereon,race,thin,400,0.59
thaleia,nereon,race,worship,400,0.32
thaleia,nereon,race,race,400,0.64875
thaleia,melia,treasure,treasure,400,0.20125
thaleia,melia,treasure,engine,400,0.05
thaleia,melia,treasure,thin,400,0.255
thaleia,melia,treasure,worship,400,0.085
thaleia,melia,treasure,race,400,0.37
thaleia,melia,engine,treasure,400,0.905
thaleia,melia,engine,engine,400,0.64625
thaleia,melia,engine,thin,400,0.94125
thaleia,melia,engine,worship,400,0.77625
thaleia,melia,engine,race,400,0.96375
thaleia,melia,thin,treasure,400,0.6775
thaleia,melia,thin,engine,400,0.315
thaleia,melia,thin,thin,400,0.64
thaleia,melia,thin,worship,400,0.41
thaleia,melia,thin,race,400,0.8225
thaleia,melia,worship,treasure,400,0.8325
thaleia,melia,worship,engine,400,0.475
thaleia,melia,worship,thin,400,0.835
thaleia,melia,worship,worship,400,0.615
thaleia,melia,worship,race,400,0.945
thaleia,melia,race,treasure,400,0.5325
thaleia,melia,race,engine,400,0.18375
thaleia,melia,race,thin,400,0.47375
thaleia,melia,race,worship,400,0.2525
thaleia,melia,race,race,400,0.685
thaleia,doreios,treasure,treasure,400,0.22
thaleia,doreios,treasure,engine,400,0.02625
thaleia,doreios,treasure,thin,400,0.37875
thaleia,doreios,treasure,worship,400,0.11875
thaleia,doreios,treasure,race,400,0.46125
thaleia,doreios,engine,treasure,400,0.88125
thaleia,doreios,engine,engine,400,0.57375
thaleia,doreios,engine,thin,400,0.92625
thaleia,doreios,engine,worship,400,0.82875
thaleia,doreios,engine,race,400,0.95625
thaleia,doreios,thin,treasure,400,0.58875
thaleia,doreios,thin,engine,400,0.24625
thaleia,doreios,thin,thin,400,0.7275
thaleia,doreios,thin,worship,400,0.43625
thaleia,doreios,thin,race,400,0.82125
thaleia,doreios,worship,treasure,400,0.805
thaleia,doreios,worship,engine,400,0.43375
thaleia,doreios,worship,thin,400,0.8575
thaleia,doreios,worship,worship,400,0.6625
thaleia,doreios,worship,race,400,0.9425
thaleia,doreios,race,treasure,400,0.42375
thaleia,doreios,race,engine,400,0.125
thaleia,doreios,race,thin,400,0.47375
thaleia,doreios,race,worship,400,0.28
thaleia,doreios,race,race,400,0.6725
nereon,melia,treasure,treasure,400,0.425
nereon,melia,treasure,engine,400,0.17125
nereon,melia,treasure,thin,400,0.4325
nereon,melia,treasure,worship,400,0.15875
nereon,melia,treasure,race,400,0.42875
nereon,melia,engine,treasure,400,0.69375
nereon,melia,engine,engine,400,0.42125
nereon,melia,engine,thin,400,0.7775
nereon,melia,engine,worship,400,0.51125
nereon,melia,engine,race,400,0.66875
nereon,melia,thin,treasure,400,0.465
nereon,melia,thin,engine,400,0.21
nereon,melia,thin,thin,400,0.4825
nereon,melia,thin,worship,400,0.18875
nereon,melia,thin,race,400,0.47125
nereon,melia,worship,treasure,400,0.71625
nereon,melia,worship,engine,400,0.3875
nereon,melia,worship,thin,400,0.70875
nereon,melia,worship,worship,400,0.46875
nereon,melia,worship,race,400,0.675
nereon,melia,race,treasure,400,0.45625
nereon,melia,race,engine,400,0.24
nereon,melia,race,thin,400,0.46375
nereon,melia,race,worship,400,0.23125
nereon,melia,race,race,400,0.45125
nereon,doreios,treasure,treasure,400,0.37375
nereon,doreios,treasure,engine,400,0.14375
nereon,doreios,treasure,thin,400,0.51625
nereon,doreios,treasure,worship,400,0.17875
nereon,doreios,treasure,race,400,0.4725
nereon,doreios,engine,treasure,400,0.665
nereon,doreios,engine,engine,400,0.395
nereon,doreios,engine,thin,400,0.905
nereon,doreios,engine,worship,400,0.49125
nereon,doreios,engine,race,400,0.69125
nereon,doreios,thin,treasure,400,0.42625
nereon,doreios,thin,engine,400,0.15
nereon,doreios,thin,thin,400,0.6525
nereon,doreios,thin,worship,400,0.225
nereon,doreios,thin,race,400,0.5225
nereon,doreios,worship,treasure,400,0.73
nereon,doreios,worship,engine,400,0.445
nereon,doreios,worship,thin,400,0.8475
nereon,doreios,worship,worship,400,0.4725
nereon,doreios,worship,race,400,0.75375
nereon,doreios,race,treasure,400,0.48
nereon,doreios,race,engine,400,0.22625
nereon,doreios,race,thin,400,0.56
nereon,doreios,race,worship,400,0.28
nereon,doreios,race,race,400,0.50625
melia,doreios,treasure,treasure,400,0.475
melia,doreios,treasure,engine,400,0.2075
melia,doreios,treasure,thin,400,0.6125
melia,doreios,treasure,worship,400,0.4325
melia,doreios,treasure,race,400,0.65125
melia,doreios,engine,treasure,400,0.69625
melia,doreios,engine,engine,400,0.47375
melia,doreios,engine,thin,400,0.74125
melia,doreios,engine,worship,400,0.565
melia,doreios,engine,race,400,0.80875
melia,doreios,thin,treasure,400,0.465
melia,doreios,thin,engine,400,0.29
melia,doreios,thin,thin,400,0.65375
melia,doreios,thin,worship,400,0.43
melia,doreios,thin,race,400,0.75
melia,doreios,worship,treasure,400,0.61875
melia,doreios,worship,engine,400,0.39625
melia,doreios,worship,thin,400,0.665
melia,doreios,worship,worship,400,0.46875
melia,doreios,worship,race,400,0.7275
melia,doreios,race,treasure,400,0.32125
melia,doreios,race,engine,400,0.1875
melia,doreios,race,thin,400,0.35875
melia,doreios,race,worship,400,0.285
melia,doreios,race,race,400,0.485
